Beatrice Pedrielli,822-364-8685,bpedrielli0@senate.gov,1963-10-19
Glynda Maddison,222-836-0634,gmaddison1@smugmug.com,1961-08-06
Stephani Tuohy,202-358-4890,stuohy2@addthis.com,2003-08-14
Joellen Antoniat,774-512-3322,jantoniat3@un.org,2002-07-12
Winni Streight,688-257-6658,wstreight4@gmpg.org,1961-09-16
Trev Chrystie,764-942-7520,tchrystie5@cmu.edu,1968-12-03
Grace Retchford,226-789-5968,gretchford6@springer.com,1962-11-02
Nydia Ashford,903-595-3167,nashford7@europa.eu,1969-12-23
Jenni Borel,494-284-1409,jborel8@squidoo.com,1976-01-16
Otha Alabone,713-514-1805,oalabone9@dion.ne.jp,2015-01-11
Johnna Dabernott,695-714-9228,jdabernotta@samsung.com,1961-09-17
Aila MacRedmond,488-946-1346,amacredmondb@earthlink.net,1955-03-22
Austin Tukely,308-123-6662,atukelyc@sphinn.com,1986-12-22
Norbie Le Guin,886-215-1879,nled@newsvine.com,1953-06-22
Abbey Beushaw,212-612-3701,abeushawe@sakura.ne.jp,2010-05-02
Elsa Reinhard,491-833-8072,ereinhardf@twitpic.com,2011-09-30
Becki Heims,324-594-3187,bheimsg@samsung.com,1967-08-17
Shaw Cowwell,201-904-8611,scowwellh@marriott.com,1975-04-22
Patten Tivolier,942-543-3917,ptivolieri@wordpress.org,2005-07-16
Ginnifer Sorrell,746-468-5648,gsorrellj@cornell.edu,1985-03-30
Zacherie Balogh,579-667-0342,zbaloghk@dailymotion.com,1984-10-28
Bern Labrow,638-757-2295,blabrowl@indiegogo.com,2003-11-28
Quint Baker,257-414-5905,qbakerm@pen.io,2021-04-13
Cristionna Dunlop,733-887-2530,cdunlopn@wix.com,1984-07-07
Hunt Truett,363-100-3624,htruetto@twitter.com,1960-10-27
Trixie Lagde,524-774-6918,tlagdep@answers.com,1982-09-23
Beverlie Danilevich,139-722-9752,bdanilevichq@google.ru,1950-11-23
Towny Ragbourne,999-850-9808,tragbourner@freewebs.com,1956-11-14
Iolande Sweed,680-866-1990,isweeds@sciencedirect.com,1953-12-27
Ian Gosker,444-495-3099,igoskert@umich.edu,1973-12-23
Trueman Farens,888-914-8977,tfarensu@g.co,2023-07-13
Rona Pierce,143-710-4483,rpiercev@webs.com,2020-11-21
Ally Schulkins,743-353-1321,aschulkinsw@bandcamp.com,1995-01-23
Heida Burrel,322-452-2845,hburrelx@free.fr,2001-08-24
Nerty Carillo,850-260-4173,ncarilloy@exblog.jp,1979-10-14
Kimberli Talboy,712-100-6926,ktalboyz@plala.or.jp,1981-09-30
Carlyle Beacon,780-450-1501,cbeacon10@eventbrite.com,1999-05-26
Barnabe Arnison,454-215-3205,barnison11@cbsnews.com,1960-07-18
Karole Bailess,260-934-1712,kbailess12@goo.gl,1966-04-09
Sonia Kubicek,319-820-2291,skubicek13@ehow.com,2003-04-24
Karalee Spensly,204-746-2975,kspensly14@blog.com,1972-04-29
Curr Cann,378-472-0599,ccann15@elpais.com,2012-08-17
Teodorico Crass,160-804-8549,tcrass16@nsw.gov.au,1960-06-19
Natalie Tabbernor,473-659-8837,ntabbernor17@amazon.co.uk,1956-11-19
Danny Hilland,667-251-3005,dhilland18@xing.com,1991-08-08
Humfrey Fetteplace,899-984-6223,hfetteplace19@dot.gov,1965-06-22
Tristam Bernadot,288-652-2571,tbernadot1a@sakura.ne.jp,1961-02-27
Read Ioselev,376-839-9609,rioselev1b@about.me,1966-08-09
Norbert Eccersley,216-300-4484,neccersley1c@elegantthemes.com,2001-07-16
Cheri Rapps,869-266-4229,crapps1d@marketwatch.com,2001-05-09
Clive Bruckental,347-588-9160,cbruckental1e@hugedomains.com,1982-03-15
Raven Wilmot,604-841-3776,rwilmot1f@nymag.com,1997-02-21
Leland Sommerville,814-351-4761,lsommerville1g@uiuc.edu,2000-11-25
Orazio McDowall,683-319-0060,omcdowall1h@cam.ac.uk,1961-03-11
Arte Peet,376-972-2463,apeet1i@lulu.com,2015-09-22
Jammal Pharro,138-647-9918,jpharro1j@topsy.com,1995-02-08
Shell Mapother,765-394-5275,smapother1k@google.co.uk,1992-05-21
Louise Potte,972-237-3604,lpotte1l@economist.com,1988-11-05
Daniella Grange,916-771-5836,dgrange1m@nhs.uk,2012-04-08
Thatch Blanning,665-611-1682,tblanning1n@seattletimes.com,2023-01-22
Suzi Carous,210-232-5425,scarous1o@xing.com,1951-03-22
Berni Pentland,195-772-8192,bpentland1p@unblog.fr,1957-10-15
Gino Chazier,855-990-2618,gchazier1q@wunderground.com,1991-04-21
Brittan McGarva,331-288-6274,bmcgarva1r@oracle.com,2020-08-14
Rolph Kubecka,739-621-7230,rkubecka1s@dmoz.org,1999-08-02
Ashton Cordner,634-376-8971,acordner1t@hatena.ne.jp,1984-10-08
Sacha Wardrop,799-325-9329,swardrop1u@cbslocal.com,1989-05-20
Wilfrid Souster,995-848-7291,wsouster1v@sitemeter.com,1977-11-11
Rodge Cawte,924-589-3321,rcawte1w@nps.gov,1963-01-04
Kingston Iddiens,147-809-4951,kiddiens1x@chron.com,1962-09-18
Zorina Collinwood,392-308-1105,zcollinwood1y@go.com,2001-11-09
Jacques Wharmby,124-950-2217,jwharmby1z@ted.com,2022-04-08
Masha Mouan,340-264-4430,mmouan20@goo.gl,1998-03-07
Jodi Fries,692-925-3546,jfries21@yolasite.com,2022-08-01
Linoel Hubbis,758-678-4881,lhubbis22@php.net,1966-02-17
Cordi Mulheron,916-221-8873,cmulheron23@dedecms.com,2015-12-09
Terra Matias,892-184-2787,tmatias24@ameblo.jp,1994-08-30
Adela Storkes,925-497-2004,astorkes25@dailymail.co.uk,1961-06-26
Hanny Bruno,788-566-5605,hbruno26@amazonaws.com,1954-07-02
Jeremie Hannaway,890-776-2942,jhannaway27@stumbleupon.com,1967-10-28
Mignon Letertre,202-794-9298,mletertre28@bluehost.com,1976-08-05
Gerald Week,831-352-6594,gweek29@lulu.com,1994-01-10
Lexy Gidden,405-104-9361,lgidden2a@loc.gov,2003-09-18
Kristoffer Libri,231-555-1839,klibri2b@washington.edu,1974-01-31
Bradan Dosedale,451-571-3957,bdosedale2c@mapy.cz,1959-07-17
Conrade Sarjent,161-197-8291,csarjent2d@timesonline.co.uk,1973-04-27
Lee Scowcraft,581-686-2000,lscowcraft2e@nifty.com,1964-03-13
Gare McTerlagh,419-479-2417,gmcterlagh2f@slate.com,1971-07-06
Monte Sydall,156-703-6252,msydall2g@psu.edu,1953-11-10
Axe Pasmore,278-857-5861,apasmore2h@xinhuanet.com,1974-03-15
Peadar Mannakee,882-344-6550,pmannakee2i@shinystat.com,1967-08-26
Corene Pfeiffer,483-516-9368,cpfeiffer2j@fc2.com,2014-02-04
Arlee Kippins,525-662-6152,akippins2k@mapquest.com,1980-04-16
Wilfrid Claringbold,231-949-7195,wclaringbold2l@chron.com,1999-08-13
Bern Lorey,970-104-0174,blorey2m@qq.com,1995-10-26
Cara Wrettum,913-764-8093,cwrettum2n@ihg.com,2022-03-06
Oralia Deppen,701-311-5220,odeppen2o@umn.edu,2024-09-28
Isabeau O'Dunneen,559-119-2369,iodunneen2p@pen.io,1964-05-28
Roarke Axelbey,166-465-4690,raxelbey2q@ask.com,1953-02-13
Luisa Richardot,219-267-3507,lrichardot2r@posterous.com,2017-11-13
Justine Bareham,954-831-3461,jbareham2s@nhs.uk,1967-05-19
Theodosia Taylerson,474-470-5040,ttaylerson2t@paginegialle.it,1961-07-25
Garland Brasier,855-368-6389,gbrasier2u@skyrock.com,2014-05-12
Sheppard Bingall,189-975-6134,sbingall2v@admin.ch,2000-03-22
Suzie Renish,128-249-1974,srenish2w@taobao.com,1967-07-24
Kirsteni Knight,584-598-7426,kknight2x@cnet.com,1955-04-04
Khalil Harrad,813-183-4952,kharrad2y@cafepress.com,2012-10-16
Giulietta Ogilvie,119-904-5407,gogilvie2z@blog.com,1981-12-18
Ricca Dennehy,232-721-4569,rdennehy30@uol.com.br,1962-11-08
Maryellen Hryniewicz,722-830-2811,mhryniewicz31@pen.io,1966-12-05
Bald Kilgrove,645-254-1006,bkilgrove32@linkedin.com,2013-05-11
Westleigh Sibray,121-847-3824,wsibray33@google.nl,1993-11-25
Colin Whorton,590-381-7432,cwhorton34@spotify.com,1989-03-17
Kendrick McCartney,616-983-9446,kmccartney35@bloglovin.com,1954-12-12
Wyatt Pankhurst.,433-695-0686,wpankhurst36@kickstarter.com,2010-03-03
Lilyan Pearl,166-541-8589,lpearl37@hibu.com,2010-11-17
Woodie Franzonello,221-453-2838,wfranzonello38@sfgate.com,1994-02-15
Chadd McPhelim,137-880-3800,cmcphelim39@bloomberg.com,2006-10-17
Addie Steddall,860-868-2059,asteddall3a@skyrock.com,1979-11-13
Sharia Kabsch,928-588-1013,skabsch3b@mysql.com,1954-08-03
Stern Musla,948-559-8098,smusla3c@ustream.tv,1975-01-30
Pietra Peplay,799-382-7907,ppeplay3d@sogou.com,1966-05-21
Osgood Tierney,707-539-0259,otierney3e@census.gov,1952-01-26
Marchall Travis,101-184-6154,mtravis3f@acquirethisname.com,1977-09-23
Ritchie McGuiney,184-572-7136,rmcguiney3g@acquirethisname.com,2024-05-28
Jess Byway,798-590-7435,jbyway3h@4shared.com,1965-12-29
Daphene Glynne,812-233-7992,dglynne3i@networksolutions.com,1950-03-04
Florette Fipp,144-641-7321,ffipp3j@chronoengine.com,1953-03-13
Henry Tailour,245-420-6035,htailour3k@ovh.net,1977-07-08
Leighton Ibberson,255-794-4527,libberson3l@t-online.de,1964-09-11
Wendie Denyukhin,228-111-6593,wdenyukhin3m@imdb.com,2018-04-18
Kaile Tuerena,317-547-4770,ktuerena3n@hubpages.com,2012-03-30
Solomon Strettle,946-133-2383,sstrettle3o@topsy.com,1995-09-22
Siusan Goodwill,500-121-0003,sgoodwill3p@naver.com,1998-07-07
Diane Shakesby,477-768-2765,dshakesby3q@stanford.edu,1987-09-04
Cal Sallter,734-751-0079,csallter3r@phpbb.com,1951-11-24
Pattie Perrins,161-144-4055,pperrins3s@abc.net.au,1959-09-02
Eunice Wrankling,530-575-9107,ewrankling3t@mayoclinic.com,2024-02-05
Boycie Lenihan,708-941-5048,blenihan3u@ft.com,2018-09-07
Son Redan,304-571-5735,sredan3v@cnbc.com,1985-05-17
Frankie Rentilll,303-247-3194,frentilll3w@constantcontact.com,1977-12-08
Patrizio Ferney,261-800-7620,pferney3x@umich.edu,1986-07-28
Hayley Tower,666-515-9198,htower3y@facebook.com,1985-08-16
Rhodia L' Anglois,535-313-2508,rl3z@admin.ch,1999-08-23
Lydia Leighton,455-754-0403,lleighton40@stanford.edu,2013-03-22
Penn McElvine,370-861-9167,pmcelvine41@senate.gov,2020-02-20
Katine Kiehne,268-865-7716,kkiehne42@globo.com,1993-10-28
Harbert Huston,198-107-0610,hhuston43@1688.com,1971-12-04
Kerri Crispin,566-895-8503,kcrispin44@netvibes.com,1966-11-13
Vivien Iacovazzi,948-432-2808,viacovazzi45@foxnews.com,1956-05-29
Berni Braemer,306-862-0877,bbraemer46@uol.com.br,2011-06-16
Kylen Dacre,132-540-9304,kdacre47@cnet.com,1965-08-23
Yalonda Wathey,409-357-6311,ywathey48@hhs.gov,1996-05-05
Cybill Spanton,972-109-0794,cspanton49@canalblog.com,1989-10-17
Jane Rothschild,277-736-3466,jrothschild4a@nifty.com,1987-05-21
Thoma Episcopio,667-629-9592,tepiscopio4b@pcworld.com,1992-11-25
Carlo Blackboro,521-730-0771,cblackboro4c@qq.com,1966-11-03
Dacey Dorkins,322-902-2089,ddorkins4d@cnn.com,1997-03-20
Bertha Nethercott,453-672-4364,bnethercott4e@fda.gov,1968-05-02
Milicent Roseby,790-172-2216,mroseby4f@cdbaby.com,1988-05-28
Betteanne Fominov,389-890-8011,bfominov4g@mashable.com,2020-05-05
Marjy Ruggen,740-281-9160,mruggen4h@ameblo.jp,1970-10-21
Marlena Ebbin,441-343-8098,mebbin4i@washingtonpost.com,2006-04-11
Virginia Chaudret,272-478-0744,vchaudret4j@opera.com,1967-04-04
Worthington Seys,389-778-3575,wseys4k@yandex.ru,1959-11-30
Harv Sember,713-151-8440,hsember4l@usa.gov,2004-08-12
Alford Povlsen,196-453-3611,apovlsen4m@t-online.de,1966-10-09
Zollie Rushby,541-708-5907,zrushby4n@sitemeter.com,1985-04-30
Ignacius Duns,872-317-7581,iduns4o@prweb.com,2015-09-12
Leonardo Readwing,634-544-3192,lreadwing4p@yellowbook.com,2019-09-13
Cherilyn Point,143-401-9421,cpoint4q@microsoft.com,1992-03-11
Fernanda Deboy,369-616-8983,fdeboy4r@drupal.org,1991-03-09
Noni Ouldred,819-113-0833,nouldred4s@phpbb.com,1961-07-22
Ronda Scotson,688-819-0628,rscotson4t@telegraph.co.uk,2007-04-26
Aidan Start,428-796-8691,astart4u@cornell.edu,1969-11-11
Brear Clive,182-974-8065,bclive4v@yellowpages.com,1992-03-11
Miranda Wooler,973-552-3470,mwooler4w@opera.com,1952-06-18
Chev Campes,462-238-9465,ccampes4x@de.vu,2007-01-19
Dov Neiland,843-403-5677,dneiland4y@accuweather.com,1962-07-06
Alidia Carnaman,915-187-1910,acarnaman4z@slashdot.org,2001-06-20
Ronna Parlott,854-614-8706,rparlott50@hatena.ne.jp,1986-06-11
Burch Swinerd,254-699-8823,bswinerd51@trellian.com,1990-05-01
Maggie Silbersak,736-308-2686,msilbersak52@mysql.com,1951-10-07
Ellene Woloschin,685-572-0062,ewoloschin53@privacy.gov.au,1982-07-29
Stafani Skiplorne,215-734-2119,sskiplorne54@rediff.com,2007-12-21
Harp Wheeler,921-655-0693,hwheeler55@dot.gov,2022-03-07
Daisy Dunseith,105-470-1338,ddunseith56@rambler.ru,2014-05-14
Isabeau Chown,524-665-6186,ichown57@opera.com,2006-08-02
Kristel Ramelot,879-252-3490,kramelot58@usnews.com,1999-02-04
Philippe Ferenc,418-596-8669,pferenc59@feedburner.com,1960-08-10
Joelly Skamal,363-420-1937,jskamal5a@wikipedia.org,1976-06-18
Ambrosi Neilly,763-386-6538,aneilly5b@etsy.com,1957-11-12
Marget MacLaig,418-164-8332,mmaclaig5c@ow.ly,2023-10-23
Philbert Lipp,691-933-3378,plipp5d@networkadvertising.org,1968-09-20
Kerk Bougen,264-877-0574,kbougen5e@storify.com,2012-05-13
Shelby Thrustle,407-657-3533,sthrustle5f@theguardian.com,2010-08-30
Winnah Ulyet,534-163-1632,wulyet5g@123-reg.co.uk,1978-02-02
Evered Aggott,622-861-4029,eaggott5h@oracle.com,2014-09-14
Sallie Lavelle,665-526-4423,slavelle5i@irs.gov,2011-02-11
Lannie Grimbaldeston,781-288-3552,lgrimbaldeston5j@merriam-webster.com,1998-11-10
Dana Greenaway,762-978-0888,dgreenaway5k@cnbc.com,1959-11-12
Mahmoud Dunkerley,892-251-6163,mdunkerley5l@issuu.com,1976-01-15
Toinette Addinall,726-685-6576,taddinall5m@java.com,1972-01-24
Cort Starte,536-556-7733,cstarte5n@moonfruit.com,1979-07-11
Noelle Bradley,239-573-4628,nbradley5o@thetimes.co.uk,1978-03-18
Salvatore Ellicott,965-822-4787,sellicott5p@timesonline.co.uk,1965-03-05
Idette Scroyton,631-322-8163,iscroyton5q@state.tx.us,2024-07-21
Alika Stickels,599-152-0592,astickels5r@wsj.com,1992-02-03
Lesya Woodfield,739-835-0014,lwoodfield5s@cnn.com,1956-05-13
Patin Ruit,923-969-4840,pruit5t@nature.com,1951-06-23
Colly Calafate,513-516-6255,ccalafate5u@de.vu,2004-07-15
Blinnie Edens,517-478-2480,bedens5v@icio.us,1951-03-31
Dion Edinburgh,887-552-4532,dedinburgh5w@theglobeandmail.com,1976-07-16
Freda Urian,225-117-7878,furian5x@people.com.cn,2015-06-18
Madelaine Trevascus,518-528-1052,mtrevascus5y@mapy.cz,2000-09-04
Kakalina Moxstead,735-393-2672,kmoxstead5z@flickr.com,2007-08-19
Cort Ioannidis,592-726-5567,cioannidis60@harvard.edu,1990-05-12
Bobby Matiasek,412-332-5558,bmatiasek61@posterous.com,1968-11-23
Manuel Veltmann,940-847-6885,mveltmann62@123-reg.co.uk,1990-04-04
Kelci Shorie,102-167-7597,kshorie63@msn.com,1970-08-21
Florida Queree,928-740-1571,fqueree64@pagesperso-orange.fr,2019-08-01
Hobard Dancy,546-552-9956,hdancy65@slate.com,1998-10-11
Carlye Goodding,752-561-8661,cgoodding66@edublogs.org,1977-12-31
Leese Shellcross,122-744-7513,lshellcross67@wikispaces.com,1960-06-03
Pamelina Silvers,390-247-3352,psilvers68@dropbox.com,1964-07-22
Riane d' Eye,242-937-7489,rd69@paginegialle.it,1980-08-29
Nert Dealtry,398-169-6583,ndealtry6a@yale.edu,1996-03-29
Norma Burdekin,640-143-9142,nburdekin6b@toplist.cz,2008-01-01
Arline Blas,722-588-3063,ablas6c@dagondesign.com,1957-09-03
Lorens Hinken,841-930-1725,lhinken6d@qq.com,2015-01-05
Robbert Beades,899-421-6390,rbeades6e@mashable.com,1957-09-11
Jammie Collelton,147-851-0095,jcollelton6f@paypal.com,2020-10-22
Morissa Thominga,896-297-1272,mthominga6g@cargocollective.com,2007-04-08
Padget Whitney,938-225-8725,pwhitney6h@dagondesign.com,2017-06-02
Gaylor Brosoli,965-995-7597,gbrosoli6i@skype.com,1982-01-10
Juliana Hacksby,986-396-9733,jhacksby6j@deviantart.com,1998-11-07
Lucky Scutcheon,816-728-8820,lscutcheon6k@zdnet.com,1998-04-05
Venita Folliott,630-177-7790,vfolliott6l@smugmug.com,2007-07-27
Bobbye Brightling,386-707-3678,bbrightling6m@telegraph.co.uk,2016-06-21
Viva De Normanville,437-646-2786,vde6n@ovh.net,1989-05-13
Anastasia Harpin,105-660-7773,aharpin6o@fastcompany.com,1969-11-08
Garvey Franzini,542-809-4044,gfranzini6p@china.com.cn,1956-01-23
Gladys O'Hengerty,116-659-4377,gohengerty6q@cmu.edu,1970-01-19
Colas Wilby,503-243-0394,cwilby6r@patch.com,2005-08-31
Tove Stoile,530-454-9420,tstoile6s@tumblr.com,1956-03-28
Sandy Franklin,536-927-8282,sfranklin6t@auda.org.au,2016-03-06
Leonora Hurford,100-140-4765,lhurford6u@cornell.edu,1966-10-25
Candida Klouz,534-953-2824,cklouz6v@google.co.uk,1993-06-17
Hebert Wennington,458-754-6595,hwennington6w@bigcartel.com,2008-08-09
Philly Finlater,797-540-2072,pfinlater6x@fotki.com,1985-11-24
Andie Conor,912-962-1146,aconor6y@sfgate.com,2024-02-01
Reggie Sobieski,437-219-7362,rsobieski6z@deliciousdays.com,1969-03-30
Sharline Raven,450-244-4754,sraven70@tinyurl.com,1996-05-18
Sephira Diter,708-578-9436,sditer71@narod.ru,1999-08-31
Frederique Puddefoot,818-303-3597,fpuddefoot72@businesswire.com,2005-11-19
Liz Strangman,833-362-9964,lstrangman73@facebook.com,1953-12-06
Sam Clelland,163-659-0954,sclelland74@free.fr,1978-12-13
Analiese Etteridge,195-148-9727,aetteridge75@ebay.co.uk,2022-05-09
Em Dami,803-234-2359,edami76@hao123.com,1971-12-04
Amara Adamkiewicz,767-247-3552,aadamkiewicz77@delicious.com,2005-05-07
Aggie Shortcliffe,908-297-4513,ashortcliffe78@google.pl,1976-06-01
Gwenore Regis,928-279-7185,gregis79@yolasite.com,1967-06-15
Ariela Hachette,343-769-2051,ahachette7a@topsy.com,1973-11-14
Eva Enser,767-600-0233,eenser7b@etsy.com,2024-02-29
Titos Beecker,422-525-5783,tbeecker7c@opera.com,2015-09-02
Uriel Barbey,997-115-2247,ubarbey7d@facebook.com,2005-01-05
Bjorn Novik,972-307-0011,bnovik7e@biglobe.ne.jp,1974-08-08
Karissa Formilli,505-876-9074,kformilli7f@hp.com,2019-06-04
Deck Hiorn,760-898-3595,dhiorn7g@washingtonpost.com,2007-09-16
Kaylyn Warder,920-653-6192,kwarder7h@ehow.com,2010-01-18
Garwin Pinke,314-715-5146,gpinke7i@fema.gov,1986-12-22
Nickey Gorrie,838-231-0307,ngorrie7j@ycombinator.com,2001-02-01
Prue Welsby,656-821-6120,pwelsby7k@boston.com,1981-12-02
Merna Eaves,661-243-4278,meaves7l@independent.co.uk,2017-04-25
Betsey MacHoste,570-676-3431,bmachoste7m@creativecommons.org,1978-07-03
Xenia Yitzhok,629-734-6330,xyitzhok7n@linkedin.com,1974-03-06
Kerk Orrow,541-744-8869,korrow7o@google.co.uk,1992-07-15
Karen Culbard,200-418-4386,kculbard7p@google.ru,1979-04-28
Bev Martel,818-308-2735,bmartel7q@com.com,1966-07-21
Zola Driuzzi,597-842-6055,zdriuzzi7r@time.com,1955-11-30
Charlotte Bowers,431-270-9680,cbowers7s@redcross.org,1956-06-10
Giovanna Goodband,776-331-3580,ggoodband7t@163.com,1961-08-03
Mathian Kroon,462-114-5051,mkroon7u@jiathis.com,1999-02-25
Tanhya Dooler,194-525-1553,tdooler7v@foxnews.com,1979-05-29
Erskine Damarell,911-876-3627,edamarell7w@huffingtonpost.com,1996-09-22
Vince Yekel,677-343-1812,vyekel7x@addtoany.com,1961-11-12
Marmaduke Aizik,636-890-4568,maizik7y@symantec.com,2023-02-22
Glynnis Ladon,331-438-7685,gladon7z@quantcast.com,2006-08-06
Jordain Teodorski,375-596-8212,jteodorski80@facebook.com,2010-02-10
Stacee Arundel,988-100-9407,sarundel81@samsung.com,1987-12-28
Tate Cornelius,586-620-5561,tcornelius82@gizmodo.com,1999-06-10
Pembroke Brammar,883-618-0556,pbrammar83@reference.com,1980-03-25
Josselyn Speight,323-765-9270,jspeight84@bing.com,1999-05-05
Hilary O'Criane,159-375-7519,hocriane85@cafepress.com,1997-06-22
Grata Skey,372-634-9420,gskey86@jalbum.net,2019-10-31
Olimpia Corbert,859-543-4563,ocorbert87@patch.com,1970-01-14
Dolly Golds,492-517-3678,dgolds88@nsw.gov.au,1976-05-01
Thorn Behneke,730-666-2027,tbehneke89@g.co,1959-04-16
Ingamar Sommerton,128-604-5724,isommerton8a@bluehost.com,2011-04-26
Lenette Daymond,636-886-4522,ldaymond8b@howstuffworks.com,1978-11-07
Karlis Candelin,345-250-4472,kcandelin8c@hud.gov,2024-07-08
Vivianne Potteridge,444-299-8238,vpotteridge8d@bravesites.com,1977-12-29
Lowe Beeching,956-370-2575,lbeeching8e@zdnet.com,2017-02-08
Dehlia Gaddesby,846-101-0069,dgaddesby8f@patch.com,2011-06-03
Aksel Dorin,868-523-6557,adorin8g@webs.com,2018-06-04
Fanchon McQuaker,385-232-8979,fmcquaker8h@berkeley.edu,1956-05-31
Gino Such,236-293-6781,gsuch8i@dedecms.com,2014-03-26
Buddie Cranch,918-939-6288,bcranch8j@nsw.gov.au,2012-11-01
Iain Helin,561-736-0662,ihelin8k@sina.com.cn,2014-11-08
Vale Adderson,587-354-9690,vadderson8l@ted.com,1962-07-23
Amitie Grimolbie,227-959-5316,agrimolbie8m@feedburner.com,1966-10-11
Kingsley Antognoni,349-127-6682,kantognoni8n@blogtalkradio.com,1978-10-15
Di Rohmer,687-874-0058,drohmer8o@tumblr.com,1994-11-25
Nancy Ondra,546-829-7941,nondra8p@wikispaces.com,1999-06-29
Beatriz Rosenkrantz,460-593-0105,brosenkrantz8q@statcounter.com,1951-09-14
Nicol Harbord,915-107-0571,nharbord8r@reuters.com,1983-12-03
Emmott Rhucroft,512-571-9768,erhucroft8s@vimeo.com,1955-05-18
Elroy Claypool,989-870-8458,eclaypool8t@unc.edu,1954-07-27
Celestyn Petrello,651-171-8851,cpetrello8u@craigslist.org,1971-12-06
Mason De Mattei,135-185-1299,mde8v@nsw.gov.au,2023-12-26
Glenda Marvell,917-220-0797,gmarvell8w@scientificamerican.com,2004-03-30
Anny Krahl,228-456-6361,akrahl8x@hubpages.com,1994-02-13
Brigham Overal,125-124-5851,boveral8y@amazon.com,2024-04-03
Lennard Beranek,686-226-3276,lberanek8z@themeforest.net,1977-06-17
Grazia Rickis,299-920-1132,grickis90@slashdot.org,1988-08-23
Fanni Baish,697-367-7434,fbaish91@harvard.edu,1998-10-28
Maximilianus Ebbetts,220-507-8349,mebbetts92@netscape.com,1964-05-27
Mandi Reddihough,245-180-9039,mreddihough93@imdb.com,2009-05-12
Sauveur Ber,592-564-8699,sber94@businessweek.com,2017-08-09
Krissy Sedgeman,571-656-6000,ksedgeman95@drupal.org,1972-06-22
Frederic Addis,575-849-0833,faddis96@deviantart.com,2003-04-16
Katleen Ballendine,277-284-9990,kballendine97@vinaora.com,1973-03-09
Hartley Statton,696-806-6484,hstatton98@shop-pro.jp,1988-08-31
Brennen Jedrzejczyk,899-417-3719,bjedrzejczyk99@google.co.uk,1975-07-20
Heinrick Burberye,302-578-2343,hburberye9a@linkedin.com,1985-05-16
Lorianne Oliva,240-760-7517,loliva9b@army.mil,2012-09-28
Mattie Pachta,321-664-7318,mpachta9c@tripadvisor.com,1986-04-30
Melany Crammy,116-904-1698,mcrammy9d@networkadvertising.org,1985-09-08
Kira Schiefersten,706-393-8060,kschiefersten9e@vimeo.com,1993-10-03
Marti Affleck,241-961-1675,maffleck9f@loc.gov,1996-07-08
Kendell Habbijam,554-643-2797,khabbijam9g@rakuten.co.jp,2003-04-07
Lindsey Coslett,649-615-0825,lcoslett9h@shop-pro.jp,1992-03-29
Raquela Brownrigg,964-757-5157,rbrownrigg9i@microsoft.com,1986-03-17
Valaree Bortoletti,233-426-5340,vbortoletti9j@4shared.com,1999-03-01
Hew Pickles,701-885-1690,hpickles9k@taobao.com,1988-03-14
Leisha Woolston,691-650-8639,lwoolston9l@vistaprint.com,2010-09-25
Tammy Durbyn,107-433-0223,tdurbyn9m@instagram.com,1973-10-19
Grove Domokos,545-389-2845,gdomokos9n@umn.edu,1965-05-24
Crissie Whitington,772-106-1452,cwhitington9o@furl.net,1972-10-26
Freddie Naylor,322-585-4900,fnaylor9p@smh.com.au,2024-01-18
Daron Hutley,132-984-1317,dhutley9q@chronoengine.com,1985-05-30
Blanca Longthorn,687-940-2680,blongthorn9r@youtube.com,1971-10-09
Chen Gloy,193-148-8621,cgloy9s@yolasite.com,1966-02-18
Bennett Beachamp,154-720-4918,bbeachamp9t@quantcast.com,1974-08-28
Nesta Jarrold,786-771-7398,njarrold9u@geocities.com,1997-08-21
Tyrone Ortet,143-902-3816,tortet9v@bravesites.com,2019-05-02
Lee Espinos,336-681-0583,lespinos9w@guardian.co.uk,2011-12-06
Olivia Wigfall,282-792-8488,owigfall9x@howstuffworks.com,1950-06-17
Ardys Mitchely,422-267-8163,amitchely9y@fotki.com,1980-02-04
Moyra Noblett,907-434-2196,mnoblett9z@un.org,1962-03-08
Nigel Brodeur,358-865-0470,nbrodeura0@theguardian.com,1994-05-22
Debbi Rump,138-650-3757,drumpa1@delicious.com,1956-01-18
Germayne Ridding,256-888-1685,griddinga2@cdbaby.com,1950-08-06
Amil Lathom,911-509-2800,alathoma3@wiley.com,2011-01-14
Carroll Polycote,323-825-0877,cpolycotea4@taobao.com,1981-03-14
Malina Cluet,733-808-2983,mclueta5@cnbc.com,2005-09-02
Gnni Do Rosario,558-576-2712,gdoa6@over-blog.com,2017-05-15
Doralynne Stot,454-120-5325,dstota7@e-recht24.de,1950-09-29
Flossi Pauletti,830-500-6665,fpaulettia8@ucsd.edu,1997-07-26
Peta Lidierth,106-519-2557,plidiertha9@smugmug.com,1984-12-03
Alfy Whatman,280-227-4022,awhatmanaa@about.com,2020-05-09
Davidson Pepler,850-854-5704,dpeplerab@multiply.com,1980-07-30
Caddric Benfell,873-940-5765,cbenfellac@mlb.com,1958-10-12
Ellie Stedall,571-927-4882,estedallad@ucoz.ru,1964-06-01
Martina Geist,982-339-8311,mgeistae@gravatar.com,2000-06-23
Isiahi Kyneton,430-921-8294,ikynetonaf@bluehost.com,1990-09-27
Imelda Skeen,641-572-6152,iskeenag@google.nl,2016-06-15
Wendall Poppy,713-944-4225,wpoppyah@yale.edu,1954-02-23
Florie Jzhakov,704-479-4695,fjzhakovai@hubpages.com,1989-05-12
Ellyn Annis,966-150-4089,eannisaj@geocities.com,1969-03-13
Verney Haugg,462-867-5068,vhauggak@hp.com,1953-05-04
Cly Commings,640-677-3020,ccommingsal@google.ca,1969-12-28
Creighton Poulton,358-738-0695,cpoultonam@wix.com,2018-01-04
Fergus Sawers,418-240-0188,fsawersan@oracle.com,1992-04-12
Rhodia Petrov,287-408-8968,rpetrovao@booking.com,2000-08-19
Mayer Marlen,232-888-5233,mmarlenap@japanpost.jp,1973-04-29
Christie Parris,412-819-1066,cparrisaq@xrea.com,2004-01-23
Daffie Saw,814-252-2259,dsawar@myspace.com,1991-08-22
Lianna Franchyonok,887-455-8057,lfranchyonokas@cornell.edu,1983-02-22
Sumner Castilla,841-697-0581,scastillaat@mit.edu,1993-01-15
Northrup Kimbrey,167-390-5162,nkimbreyau@home.pl,1968-06-20
Carlee Sline,948-207-6443,cslineav@github.com,1962-06-06
Ayn Domerc,584-793-2358,adomercaw@accuweather.com,1953-06-02
Laurie Brydie,602-355-7648,lbrydieax@joomla.org,1999-06-16
Revkah Quarless,325-311-0589,rquarlessay@ifeng.com,1989-03-07
Nisse Carlton,116-254-3464,ncarltonaz@addthis.com,1985-06-20
Lu Bratcher,110-551-6745,lbratcherb0@paginegialle.it,2013-08-31
Lorne Ellery,953-990-2479,lelleryb1@jimdo.com,1991-01-06
Wenona Thorndycraft,301-223-8390,wthorndycraftb2@soup.io,1966-03-09
Corry Charle,675-929-1351,ccharleb3@blogspot.com,1988-05-13
Mandel Faragan,727-919-3007,mfaraganb4@yale.edu,1978-11-06
Gav Mizzi,256-713-0865,gmizzib5@csmonitor.com,2022-04-14
Martie Benneyworth,225-838-1880,mbenneyworthb6@mediafire.com,2005-07-18
Rene Storey,681-156-5903,rstoreyb7@shareasale.com,2010-10-20
Heriberto Hucks,730-126-2778,hhucksb8@unblog.fr,1973-05-16
Franciskus Cosford,641-949-4987,fcosfordb9@geocities.jp,1978-07-10
Artur Thomerson,444-667-0908,athomersonba@bloomberg.com,2007-06-15
Morie Corran,701-414-9800,mcorranbb@upenn.edu,1984-11-12
Jock Yarker,902-521-5835,jyarkerbc@prnewswire.com,1994-10-08
Rafe Arlott,482-966-0841,rarlottbd@fc2.com,1989-10-21
Willow Morpeth,953-250-0598,wmorpethbe@meetup.com,2006-01-25
Cherice Duthie,641-949-1394,cduthiebf@google.com.au,1963-05-26
Eada Woodthorpe,318-312-4287,ewoodthorpebg@hp.com,2007-06-16
Costa Rosenwald,744-735-0810,crosenwaldbh@mozilla.com,1964-09-03
Fedora Cosker,686-781-6460,fcoskerbi@reverbnation.com,1994-09-16
Corny Mucklo,210-180-2932,cmucklobj@blogspot.com,1994-03-01
Bronson Cockshut,940-867-2375,bcockshutbk@soup.io,2020-10-11
Angelique Witz,924-903-6225,awitzbl@sakura.ne.jp,1965-03-07
Mar Boost,253-619-9772,mboostbm@zimbio.com,1957-02-04
Valeria Trainor,921-244-7836,vtrainorbn@nsw.gov.au,1989-06-16
Yule Trowel,924-211-0017,ytrowelbo@webeden.co.uk,1953-06-10
Sydney Tregensoe,509-730-8109,stregensoebp@barnesandnoble.com,1968-12-11
Robbin Grishinov,307-514-0002,rgrishinovbq@tripadvisor.com,2010-01-02
Stefanie Woolmer,740-862-5233,swoolmerbr@people.com.cn,1978-06-01
Aline Ernshaw,145-940-6642,aernshawbs@amazon.com,1958-05-10
Paco Milmith,714-546-6974,pmilmithbt@deviantart.com,1983-09-15
Debi Garces,536-380-4751,dgarcesbu@arizona.edu,1977-01-18
Olenka Wilcockes,806-569-6650,owilcockesbv@devhub.com,2024-06-26
Fredek McGenis,633-572-2044,fmcgenisbw@google.pl,2016-03-05
Kennan Gorries,424-997-5684,kgorriesbx@woothemes.com,1951-01-23
Egon Lattka,353-195-1009,elattkaby@narod.ru,1960-09-16
Sherilyn Philpott,469-674-2300,sphilpottbz@facebook.com,1973-01-23
Borg Dunning,692-337-2472,bdunningc0@usatoday.com,1977-09-08
Isidor Bittany,617-721-4320,ibittanyc1@indiegogo.com,1990-11-08
Mano Duester,643-844-7936,mduesterc2@wsj.com,2001-07-16
Pepi Guitel,471-256-3037,pguitelc3@sina.com.cn,1982-12-12
Mariele Aysh,285-728-6553,mayshc4@merriam-webster.com,1996-08-01
Mile Quernel,864-389-3328,mquernelc5@theatlantic.com,2009-01-06
Ludovika O'Sharkey,103-193-1323,losharkeyc6@acquirethisname.com,2002-11-01
Cedric Krolak,235-888-8310,ckrolakc7@webs.com,1988-02-05
Dominique Sellwood,131-326-6274,dsellwoodc8@patch.com,1973-02-23
Roi Furzer,215-910-8059,rfurzerc9@baidu.com,1965-03-18
Frederik Vassman,858-915-4552,fvassmanca@techcrunch.com,2011-05-01
Emmie Riccardo,771-456-9674,ericcardocb@tumblr.com,1969-03-17
Almire Sibery,768-779-3052,asiberycc@artisteer.com,1969-06-28
Miguel Keeting,143-912-6526,mkeetingcd@php.net,1997-03-27
Thomasin Stannard,203-993-0333,tstannardce@amazon.de,1988-09-02
Teodoor Biddles,884-309-6251,tbiddlescf@friendfeed.com,1980-06-15
Terrie Coslett,325-590-7573,tcoslettcg@usnews.com,2009-05-31
Corine Pendry,297-468-8480,cpendrych@google.ca,1967-03-25
Abey Mico,464-313-4759,amicoci@tiny.cc,1965-10-23
Harlen Beaby,684-170-4479,hbeabycj@princeton.edu,2011-10-21
Dalis Corlett,697-160-1361,dcorlettck@google.de,1986-09-05
Shurlocke Raisher,554-325-3549,sraishercl@istockphoto.com,1965-05-01
Phillie Moger,598-234-2247,pmogercm@mail.ru,1976-09-30
Marc Delve,423-557-1425,mdelvecn@diigo.com,1974-06-27
Dianna Heaven,493-611-3051,dheavenco@ed.gov,2017-02-09
Tallie Thieme,176-648-6755,tthiemecp@goo.gl,1954-09-19
Marissa Checkley,444-945-2147,mcheckleycq@hugedomains.com,2017-02-15
Ailyn Kollatsch,908-192-8016,akollatschcr@woothemes.com,1972-08-06
Jonas Rodie,151-542-6485,jrodiecs@redcross.org,1997-06-14
Dav Wyllie,656-848-3521,dwylliect@ucla.edu,1980-06-06
Timmy Petris,673-374-1919,tpetriscu@list-manage.com,1950-05-18
Saraann Van't Hoff,164-479-6170,svantcv@wix.com,2020-10-02
Gerianna Trewin,160-775-7513,gtrewincw@cmu.edu,1970-08-23
Karrie Eberst,674-648-5281,keberstcx@xrea.com,1980-06-26
Boonie Fearns,142-775-2646,bfearnscy@tripadvisor.com,1957-09-04
Thomasa Camocke,976-773-3784,tcamockecz@blogspot.com,2024-02-15
Ricky Otton,234-578-1952,rottond0@walmart.com,1995-12-27
Ilsa Wildbore,813-253-3194,iwildbored1@odnoklassniki.ru,1998-05-06
Wald Reedyhough,923-395-4947,wreedyhoughd2@ca.gov,1995-04-22
Laryssa Ferfulle,491-772-4920,lferfulled3@symantec.com,1985-05-06
Cecelia Phonix,561-508-6627,cphonixd4@booking.com,2013-01-09
Aube Pegram,136-815-2313,apegramd5@uol.com.br,2016-03-02
Kory Grahl,441-801-9650,kgrahld6@issuu.com,2020-05-05
Torrin Wooddisse,718-370-6376,twooddissed7@ca.gov,1955-01-18
Meggy Tupman,366-318-7808,mtupmand8@engadget.com,1968-02-10
Kassey Goldberg,857-582-4882,kgoldbergd9@about.me,1958-07-07
Gianna Ivachyov,281-134-8649,givachyovda@va.gov,1956-01-24
Scarface Cockren,306-901-8755,scockrendb@flavors.me,2021-02-18
Clyde Sime,431-970-7281,csimedc@twitter.com,1954-11-04
Hinda Officer,617-154-4432,hofficerdd@slashdot.org,1960-02-26
Tiphani Haversham,418-437-3009,thavershamde@apple.com,1962-05-22
Annetta Duns,654-826-9362,adunsdf@nymag.com,2018-09-10
Roseline Chawner,208-659-0109,rchawnerdg@usatoday.com,2006-12-10
Thomasa Ponter,270-818-3516,tponterdh@miitbeian.gov.cn,2016-03-07
Celestine Cotherill,573-534-9714,ccotherilldi@craigslist.org,2015-10-22
Galvin Bradforth,927-984-0931,gbradforthdj@answers.com,1950-05-03
Lee Plowell,822-479-3307,lplowelldk@abc.net.au,1995-08-20
Ethelda Nightingale,602-252-1043,enightingaledl@etsy.com,1991-07-08
Ediva Loveman,286-392-1169,elovemandm@constantcontact.com,1993-11-19
Chiquita Durman,581-861-4637,cdurmandn@kickstarter.com,2023-08-10
Beitris Unworth,998-686-0581,bunworthdo@squarespace.com,2021-09-25
Minni Almak,526-861-0725,malmakdp@wikipedia.org,1953-10-11
Georgie Davidowich,871-904-2123,gdavidowichdq@miitbeian.gov.cn,1981-05-30
Sunshine Duke,755-648-9573,sdukedr@hibu.com,1955-04-17
Amitie Martignoni,535-824-3239,amartignonids@china.com.cn,2001-11-16
Smitty Beacock,313-564-3912,sbeacockdt@geocities.com,1973-04-12
Redford Harburtson,694-453-0986,rharburtsondu@sfgate.com,1982-06-10
Bjorn Mannin,360-743-0436,bmannindv@tumblr.com,1980-05-27
Mill Rossey,389-759-6855,mrosseydw@bbb.org,1985-06-08
Faina Kneebone,920-133-5242,fkneebonedx@liveinternet.ru,1992-06-08
Ulick Scheffel,122-292-2328,uscheffeldy@devhub.com,1989-01-18
Erinn Maeer,756-641-1297,emaeerdz@cdc.gov,1986-09-05
Tildi Frome,668-150-2317,tfromee0@earthlink.net,2009-07-27
Simon Schrieves,748-455-3387,sschrievese1@mlb.com,2021-08-16
Rona McCoy,410-546-9391,rmccoye2@goo.gl,1953-07-16
Dyna Huyghe,135-480-9216,dhuyghee3@multiply.com,2022-02-16
Vivyan Samwell,229-643-0445,vsamwelle4@jalbum.net,1971-10-30
Kaile Langelay,138-661-9414,klangelaye5@nsw.gov.au,2003-08-07
Carrissa Melonby,362-209-8050,cmelonbye6@pen.io,1985-03-27
Delano Borrill,279-269-8638,dborrille7@census.gov,1952-09-26
Gerard Valenta,886-563-8063,gvalentae8@vinaora.com,1971-06-19
Filia Brisley,900-615-0844,fbrisleye9@discuz.net,2007-09-18
Elora Orviss,951-439-2233,eorvissea@photobucket.com,2001-01-19
Cleveland Dunne,292-535-3016,cdunneeb@salon.com,1966-12-06
Prent McGourty,295-455-1221,pmcgourtyec@purevolume.com,1985-12-22
Wilmer Carl,385-809-1033,wcarled@rakuten.co.jp,1983-12-11
Abbi Tallon,805-896-8116,atallonee@unesco.org,2008-03-24
Aloise Turbayne,529-418-5211,aturbayneef@cmu.edu,1986-06-21
Jessie Knock,540-469-5555,jknockeg@indiegogo.com,1973-01-11
Pepi De Normanville,831-294-2129,pdeeh@rakuten.co.jp,1983-03-04
Corbet Bollis,937-975-3905,cbollisei@reverbnation.com,1976-09-13
Elyn Blackster,975-930-6191,eblacksterej@hugedomains.com,1990-04-22
Margaretta Trorey,164-589-4524,mtroreyek@jiathis.com,2006-08-01
Washington MacShirrie,994-769-4933,wmacshirrieel@scientificamerican.com,1971-04-13
Chloe Cosgrove,131-718-9639,ccosgroveem@bloomberg.com,1962-03-07
Dillon Avramovic,318-763-3226,davramovicen@reuters.com,1989-06-30
Maggy Ringe,338-366-9263,mringeeo@cpanel.net,1970-06-27
Vito Offer,671-460-5043,vofferep@icio.us,2008-06-04
Elvyn Happs,209-629-6657,ehappseq@ezinearticles.com,1992-06-02
Mirilla Favey,126-346-0742,mfaveyer@last.fm,2019-01-04
Celinka Earthfield,557-871-1192,cearthfieldes@slashdot.org,1995-04-22
Emmott Tilly,735-958-4586,etillyet@sina.com.cn,1965-12-25
Sukey Canham,433-863-3155,scanhameu@businessinsider.com,1954-09-15
Doreen Iacovelli,652-377-5584,diacovelliev@utexas.edu,1980-06-03
Cindelyn Gosselin,791-432-5134,cgosselinew@google.fr,1996-05-12
Luelle Joust,233-714-8066,ljoustex@ibm.com,1974-01-05
Christina Plumtree,174-609-0010,cplumtreeey@theguardian.com,2007-07-16
Mariann Limpenny,991-247-8472,mlimpennyez@google.com,2022-03-11
Helena Pinson,212-915-9743,hpinsonf0@cafepress.com,1956-06-09
Tine Read,581-747-6825,treadf1@alibaba.com,2004-12-10
Hetty L'Hommee,518-243-6979,hlhommeef2@zimbio.com,2019-07-31
Theressa Thistleton,531-707-5323,tthistletonf3@hao123.com,1980-02-07
Mikel Hamblington,753-435-1831,mhamblingtonf4@istockphoto.com,2012-12-18
Marybeth Trewin,328-423-2933,mtrewinf5@slashdot.org,1990-08-10
Kayle Manthorpe,723-678-4144,kmanthorpef6@etsy.com,2018-12-24
Gardener Bigham,208-236-1464,gbighamf7@cbsnews.com,2015-11-17
Sigmund Ennor,999-418-3423,sennorf8@shutterfly.com,1993-10-30
Ted Neeves,995-161-4111,tneevesf9@businesswire.com,1997-10-09
Morganne Eggers,160-589-9591,meggersfa@g.co,1999-09-09
Rosita Matevushev,599-463-1134,rmatevushevfb@narod.ru,2020-08-12
Maudie Woolner,158-257-5526,mwoolnerfc@paypal.com,1974-07-18
Amata Rubinsohn,378-285-9334,arubinsohnfd@seesaa.net,1974-10-28
Cleve Richie,330-482-9563,crichiefe@plala.or.jp,1977-12-17
Danny Siderfin,134-391-2038,dsiderfinff@multiply.com,1956-10-23
Willdon Aubray,524-531-4234,waubrayfg@cargocollective.com,2011-04-19
Merv Eakin,190-442-2368,meakinfh@etsy.com,1977-04-29
Flo Catcheside,340-335-3230,fcatchesidefi@berkeley.edu,2011-10-17
Raddie Layland,347-474-8314,rlaylandfj@google.it,1995-09-27
Gusta Benge,814-451-5880,gbengefk@independent.co.uk,2012-11-11
Vina Brecon,436-548-8588,vbreconfl@wix.com,1982-01-26
Davina Scotchmor,964-871-6474,dscotchmorfm@engadget.com,1970-02-21
Berti Kenewell,690-760-2610,bkenewellfn@t.co,1996-04-28
Tobye Thandi,706-292-1724,tthandifo@tripod.com,2022-04-17
Jarid Chestnutt,743-475-0564,jchestnuttfp@lycos.com,1976-01-26
Terence Klimkovich,619-972-4895,tklimkovichfq@apache.org,2011-01-13
Noreen Hogbourne,650-614-8674,nhogbournefr@barnesandnoble.com,1994-09-04
Norbie Keddey,428-320-7342,nkeddeyfs@latimes.com,1995-08-24
Haley Gath,563-288-7088,hgathft@google.com.br,2010-05-02
Emmott Sconce,280-433-0539,esconcefu@biblegateway.com,1982-04-13
Karl Hacking,513-941-4070,khackingfv@sciencedaily.com,1981-11-17
Cathyleen Vasilechko,412-147-4245,cvasilechkofw@acquirethisname.com,1996-02-26
Alysa Everard,368-804-3904,aeverardfx@fda.gov,1973-09-24
Harley Hunte,501-589-6317,hhuntefy@csmonitor.com,1952-12-05
Sydel Morse,709-202-2475,smorsefz@independent.co.uk,1973-10-30
Kelvin Harbert,396-675-2480,kharbertg0@oaic.gov.au,2015-02-06
Isac Slatford,613-629-8753,islatfordg1@timesonline.co.uk,1979-07-16
Bradford Postgate,450-492-3862,bpostgateg2@jiathis.com,1972-10-13
Huey MacBrearty,614-669-7221,hmacbreartyg3@slashdot.org,1977-10-27
Allix Foard,188-423-1383,afoardg4@imageshack.us,2020-06-08
Jerrilyn Eyree,440-625-8558,jeyreeg5@dion.ne.jp,2000-05-18
Bondie Sugge,295-749-0438,bsuggeg6@icio.us,2005-12-14
Myranda Crumby,809-729-3966,mcrumbyg7@google.com.br,2014-09-21
Judah Poytres,906-139-9718,jpoytresg8@state.tx.us,1986-02-21
Nat Brugger,534-233-6864,nbruggerg9@de.vu,2010-04-13
Colleen Dougher,424-583-4273,cdougherga@dagondesign.com,1963-10-07
Lorry Pope,221-191-4247,lpopegb@archive.org,1987-08-02
Dew Trickett,793-557-8538,dtrickettgc@accuweather.com,2002-09-18
Rozelle Hounson,512-772-5124,rhounsongd@phpbb.com,1976-07-03
Legra Budleigh,760-777-8116,lbudleighge@drupal.org,2024-03-06
Erin Trevains,895-456-6527,etrevainsgf@sohu.com,2015-12-04
Bernice Banyard,325-221-7556,bbanyardgg@google.nl,1992-04-16
Omar More,602-433-8590,omoregh@wikimedia.org,2001-04-17
Dodie Senter,159-286-5012,dsentergi@wordpress.com,1990-03-18
Cassandry Parades,247-329-2746,cparadesgj@cmu.edu,2006-10-05
Bronny Anmore,165-227-3243,banmoregk@lulu.com,2017-11-07
Ernestine Knotte,782-149-0621,eknottegl@typepad.com,1991-01-13
Roxy Syvret,252-255-2155,rsyvretgm@lycos.com,1966-04-04
Milicent Glowacz,397-208-1415,mglowaczgn@bravesites.com,1968-12-29
Gaultiero Hairon,460-386-8145,ghairongo@hatena.ne.jp,1979-06-13
Godiva Schout,642-812-3142,gschoutgp@nhs.uk,2015-09-10
Jacinda Mora,167-794-6095,jmoragq@noaa.gov,2021-02-03
Gene Golagley,180-377-4031,ggolagleygr@360.cn,2023-06-01
Emanuele Dri,751-672-4952,edrigs@senate.gov,1963-12-07
Yank Bromfield,870-125-6973,ybromfieldgt@squidoo.com,2001-10-14
Ginnie Bendan,696-489-5825,gbendangu@goo.ne.jp,2005-01-20
Jacki Thowes,580-519-2216,jthowesgv@state.gov,2013-08-25
Taylor Blewmen,770-505-0062,tblewmengw@amazon.co.jp,1987-08-31
Eve Stopp,797-908-0553,estoppgx@mapy.cz,1966-04-17
Moise Kahler,655-423-2115,mkahlergy@yelp.com,1989-12-15
Jesselyn Bennedick,465-376-4704,jbennedickgz@columbia.edu,2008-07-14
Renato Euler,533-578-6289,reulerh0@timesonline.co.uk,2021-11-22
Alvinia Burkert,253-170-8275,aburkerth1@shutterfly.com,1997-10-01
Adel Hurkett,223-254-7340,ahurketth2@ebay.com,1988-01-02
Dilan Meah,641-120-4336,dmeahh3@examiner.com,2000-01-18
Corette Djurisic,538-624-0399,cdjurisich4@prlog.org,1999-04-16
Christoforo Hillam,243-799-1517,chillamh5@storify.com,1971-11-22
Ronda Inett,695-785-3905,rinetth6@loc.gov,1978-08-12
Dasie Maudson,904-770-8232,dmaudsonh7@bloglines.com,2005-12-21
Ringo Jochanany,756-715-2834,rjochananyh8@bing.com,2016-10-02
Zebulen Schober,568-316-3954,zschoberh9@telegraph.co.uk,1974-11-27
Ashlin Von Gladbach,833-386-7372,avonha@symantec.com,2019-09-07
Reese Humbert,411-705-6630,rhumberthb@ning.com,1965-07-18
Stephannie Pikesley,240-800-5163,spikesleyhc@meetup.com,1994-10-15
Carita Tremblay,116-439-9440,ctremblayhd@telegraph.co.uk,2009-09-14
Karyl Giacomoni,493-406-9043,kgiacomonihe@va.gov,2005-01-25
Ed Pedrozzi,787-492-8117,epedrozzihf@guardian.co.uk,1966-11-09
Gonzalo Slingsby,184-777-9540,gslingsbyhg@a8.net,1981-09-26
Raleigh Penreth,968-321-7786,rpenrethhh@zdnet.com,2015-07-07
Kacey Ligertwood,781-690-7699,kligertwoodhi@hao123.com,1978-11-23
Dionysus Pucknell,498-281-0171,dpucknellhj@dion.ne.jp,2002-02-20
Kristien Conibeer,319-261-8304,kconibeerhk@meetup.com,2022-05-03
Linnell Heningam,745-473-9654,lheningamhl@sun.com,1995-11-03
Edyth Ipplett,812-752-6279,eippletthm@google.com.au,1999-05-28
Neile Swiffen,902-607-4789,nswiffenhn@mail.ru,2019-09-27
Stephanie Pidgen,561-204-2068,spidgenho@hubpages.com,1999-12-08
Moyra Cruft,837-501-2125,mcrufthp@ezinearticles.com,2006-04-14
Leonerd Bellingham,158-844-6682,lbellinghamhq@sourceforge.net,2008-08-19
Marilin Obispo,895-208-4295,mobispohr@scribd.com,2002-07-25
Merrill Falconer,694-425-7491,mfalconerhs@arizona.edu,1972-10-14
Lief Taye,855-707-3697,ltayeht@techcrunch.com,2000-12-05
Thaddus Kitlee,246-859-6607,tkitleehu@blog.com,2018-08-29
Neile Inglesant,369-733-3443,ninglesanthv@list-manage.com,1962-01-16
Prudi Blizard,264-120-5389,pblizardhw@de.vu,1987-12-10
Milka Gullan,969-439-8644,mgullanhx@cdc.gov,1997-09-03
Susan Claisse,336-209-1095,sclaissehy@psu.edu,2011-08-06
Cassandra Gull,957-106-5077,cgullhz@nyu.edu,1950-10-03
Sada Wiggall,334-297-3363,swiggalli0@yandex.ru,1989-01-18
Friederike Wilson,638-158-3724,fwilsoni1@cornell.edu,1984-10-18
Timothee Gladbeck,654-600-5219,tgladbecki2@merriam-webster.com,1961-10-06
Anneliese Telford,547-174-6951,atelfordi3@woothemes.com,2016-09-08
Myrna Stitcher,912-141-8575,mstitcheri4@goodreads.com,2011-08-17
Creigh Needs,885-923-3792,cneedsi5@tiny.cc,1960-06-25
Estevan Francescoccio,980-877-8361,efrancescoccioi6@networksolutions.com,1963-11-18
Hollie Noddle,180-930-3851,hnoddlei7@ameblo.jp,2011-05-29
Axe Corteis,245-923-0434,acorteisi8@loc.gov,2018-08-01
Marta Garrish,879-213-0262,mgarrishi9@cbslocal.com,1996-05-19
Brenn Karp,933-572-4100,bkarpia@umn.edu,1957-03-15
Meggi Bandiera,409-813-0364,mbandieraib@ucoz.com,2022-03-11
Joela Milan,453-630-9712,jmilanic@theatlantic.com,2016-05-01
Saidee Allder,104-777-4468,sallderid@tripod.com,2009-06-30
Marjorie Von Brook,708-903-4506,mvonie@oakley.com,2002-08-05
Jo-anne Westnedge,838-547-2054,jwestnedgeif@huffingtonpost.com,1974-07-11
Dona Fillery,689-895-3243,dfilleryig@taobao.com,2019-02-21
Peadar Ghiraldi,344-327-2891,pghiraldiih@dot.gov,1980-08-14
Seward Rhymes,418-663-3140,srhymesii@mapquest.com,2012-10-14
Tam Gueinn,737-176-7410,tgueinnij@over-blog.com,2018-11-15
Josselyn Rawlyns,181-230-9095,jrawlynsik@google.com.br,2012-03-12
Drusi Breeton,751-754-8757,dbreetonil@apache.org,1975-02-27
Lurlene Tyne,846-954-0436,ltyneim@merriam-webster.com,1998-10-29
Kinny Pretty,961-429-9865,kprettyin@shareasale.com,2022-09-26
Legra Andryunin,485-773-9679,landryuninio@yale.edu,1959-03-29
Terri Greedy,998-287-1701,tgreedyip@economist.com,1992-08-09
Alissa Newitt,501-909-7045,anewittiq@earthlink.net,1976-04-27
Jeremiah Grizard,377-538-0355,jgrizardir@fc2.com,1950-01-27
Abner Breyt,776-474-5548,abreytis@tinypic.com,2003-10-03
Ddene Peyton,855-120-1714,dpeytonit@timesonline.co.uk,1961-04-01
Conan Dunford,598-734-3114,cdunfordiu@blogtalkradio.com,1970-08-13
Deana Seeking,190-124-1767,dseekingiv@mayoclinic.com,2011-05-15
Delcine Giroldi,200-550-0454,dgiroldiiw@storify.com,1959-12-18
Rosamond Dowry,587-993-5722,rdowryix@howstuffworks.com,1963-12-12
Modestine Nyles,543-395-9901,mnylesiy@wikia.com,1982-11-23
Niki Tidcombe,707-855-3482,ntidcombeiz@gmpg.org,2006-01-14
Garrik Handrok,721-502-7288,ghandrokj0@unblog.fr,2003-01-13
Anderea Matcham,722-639-7353,amatchamj1@spotify.com,1952-02-19
Haley Kinforth,131-625-8221,hkinforthj2@admin.ch,1989-07-28
Trev Zarfati,187-983-8490,tzarfatij3@mapquest.com,1983-05-14
Jacqui Doughty,973-584-0496,jdoughtyj4@hud.gov,1986-10-21
Bradford Glennard,987-210-5955,bglennardj5@geocities.jp,2005-07-23
Tallulah Chesshire,585-906-6590,tchesshirej6@prlog.org,2004-09-11
Violetta Drinkall,212-130-2154,vdrinkallj7@bbc.co.uk,1978-12-18
Torre Ketchaside,160-923-5188,tketchasidej8@dailymail.co.uk,2019-05-13
Kellsie Jouannin,632-491-3069,kjouanninj9@dailymotion.com,2010-10-12
Philomena Deeny,123-459-3784,pdeenyja@yelp.com,2000-11-22
Ev Huson,660-764-1361,ehusonjb@dedecms.com,1981-06-13
May Blasli,465-227-0759,mblaslijc@businesswire.com,1974-04-13
Mikol Kidner,765-132-6774,mkidnerjd@feedburner.com,1972-05-02
Lydia Mulgrew,783-644-4424,lmulgrewje@ameblo.jp,1999-10-28
Brod Whereat,817-111-5395,bwhereatjf@joomla.org,1963-08-05
Kaja Troucher,528-439-0648,ktroucherjg@patch.com,1983-01-27
Jan Duffrie,368-141-7389,jduffriejh@bigcartel.com,2022-07-14
Karlene Bummfrey,377-423-6106,kbummfreyji@imageshack.us,1967-08-19
Sergei Bingell,633-341-8797,sbingelljj@shutterfly.com,2016-04-27
Stanley Bogart,897-334-1271,sbogartjk@oracle.com,1973-02-05
Hillary Barajas,266-933-1104,hbarajasjl@auda.org.au,1965-04-22
Arie Brittoner,802-341-7662,abrittonerjm@homestead.com,1956-07-03
Britt Greated,703-575-8389,bgreatedjn@1688.com,1983-07-08
Hermina Dobrowski,176-689-8251,hdobrowskijo@ustream.tv,2002-11-28
Emalee McKea,251-667-4056,emckeajp@wiley.com,1951-04-20
Ephrayim Souch,584-375-7646,esouchjq@theguardian.com,1973-01-14
Jo Biggans,410-242-8426,jbiggansjr@unicef.org,1980-01-21
Gilda Hawkett,378-903-2401,ghawkettjs@domainmarket.com,1954-12-11
Reginald Benedidick,934-507-4973,rbenedidickjt@nydailynews.com,1960-08-09
Boyce Shimuk,839-818-6793,bshimukju@umn.edu,1960-09-07
Aidan Doyle,638-664-3398,adoylejv@ocn.ne.jp,1999-06-06
Dion Brookshaw,134-384-3492,dbrookshawjw@feedburner.com,1951-07-07
Bethany Challenor,278-642-3275,bchallenorjx@upenn.edu,1958-10-03
Rheba Orneles,445-928-8658,rornelesjy@smugmug.com,1989-12-04
Amber Roistone,305-304-2133,aroistonejz@prweb.com,1966-01-02
Arielle Medcraft,730-533-0264,amedcraftk0@privacy.gov.au,2013-02-01
Tedda Gaspard,784-356-9639,tgaspardk1@technorati.com,2024-11-08
Nertie Kyndred,874-268-6181,nkyndredk2@nytimes.com,1961-05-07
Abran Northcote,943-861-3611,anorthcotek3@ehow.com,1951-12-24
Steffi Bloxsom,950-666-8892,sbloxsomk4@sourceforge.net,1980-09-28
Morrie Rowling,599-139-8382,mrowlingk5@deliciousdays.com,1997-11-18
Neel Runsey,806-621-8654,nrunseyk6@prnewswire.com,1981-12-30
Jobie Midson,358-924-8102,jmidsonk7@123-reg.co.uk,1975-08-09
Fanchon Boulden,300-904-6573,fbouldenk8@dion.ne.jp,1974-09-04
Collette Somerset,627-516-7440,csomersetk9@networkadvertising.org,1980-05-24
Phillis Gainsbury,274-173-0772,pgainsburyka@mysql.com,1998-11-09
Patrizio Elman,708-230-6296,pelmankb@plala.or.jp,1955-01-13
Shurlock Cawkill,974-940-5376,scawkillkc@blogs.com,1963-03-03
Ezekiel Tompkins,928-329-8432,etompkinskd@theglobeandmail.com,2000-08-10
Roger Cumberlidge,411-853-0888,rcumberlidgeke@theatlantic.com,1992-04-30
Edward Zink,562-338-7112,ezinkkf@shareasale.com,2017-07-17
Anitra Droogan,653-542-6659,adroogankg@yandex.ru,1951-06-30
Brynne Berrigan,438-858-5603,bberrigankh@cisco.com,1974-02-09
Harlan Stonner,964-992-5346,hstonnerki@microsoft.com,1980-02-25
Erma Radoux,429-383-0575,eradouxkj@ihg.com,1981-06-19
Gerrard Chadbourne,958-641-5300,gchadbournekk@spotify.com,1998-02-04
Richy Calvey,316-348-0531,rcalveykl@google.ca,1994-08-08
Marylin Posen,125-746-7342,mposenkm@dagondesign.com,1981-03-13
Tony Priestman,435-856-0062,tpriestmankn@ed.gov,1977-06-27
Jo-ann Heninghem,693-750-2100,jheninghemko@nymag.com,1991-05-29
Ebba Doneld,349-354-9137,edoneldkp@icio.us,1981-01-29
Kara-lynn Hadigate,303-871-8251,khadigatekq@arizona.edu,2019-06-28
Elwood Blethin,843-414-6736,eblethinkr@360.cn,1954-09-03
Constantina Gregersen,962-621-1914,cgregersenks@angelfire.com,1990-06-08
Claribel Coan,460-337-0120,ccoankt@java.com,1961-12-16
Raquela Brabham,798-189-3248,rbrabhamku@bbb.org,1997-04-18
Brinna Harford,191-804-9316,bharfordkv@newsvine.com,2005-02-21
Dorie Scarsbrick,809-722-4506,dscarsbrickkw@lycos.com,1950-04-19
Alberik Ayce,862-669-8806,aaycekx@blogger.com,1966-03-02
Hadrian Di Lucia,991-389-7538,hdiky@sbwire.com,2006-11-07
Beitris Theyer,715-420-7151,btheyerkz@npr.org,1955-03-16
Connor Loughlan,237-212-1895,cloughlanl0@auda.org.au,1985-10-26
Margaret Bevans,398-469-7011,mbevansl1@stanford.edu,2015-01-10
Quincy Wimbridge,661-945-4726,qwimbridgel2@icio.us,1975-05-06
Daisi Pendrigh,627-809-2910,dpendrighl3@wordpress.com,1972-06-14
Carr Shawyer,291-489-1715,cshawyerl4@reverbnation.com,1964-04-22
Gearalt Millwall,632-942-0913,gmillwalll5@harvard.edu,1981-06-30
Nathanil Pimblett,660-292-2117,npimblettl6@wordpress.com,1959-10-19
Kizzee Gettens,722-589-3059,kgettensl7@ifeng.com,1985-03-03
Uri Davidy,458-359-3683,udavidyl8@time.com,1994-03-28
Angelika Stretton,363-422-8845,astrettonl9@foxnews.com,1998-01-12
Adolph Grimoldby,816-898-7315,agrimoldbyla@vk.com,1956-10-25
Bennie Piotrowski,440-435-1413,bpiotrowskilb@geocities.com,1952-06-10
Prudy Worthington,656-135-2288,pworthingtonlc@apache.org,2001-07-22
Blisse Alcorn,577-872-2084,balcornld@tamu.edu,2001-08-17
Keary Bullivent,219-603-4536,kbulliventle@shop-pro.jp,1992-03-28
Ellen Connelly,445-569-7624,econnellylf@bravesites.com,1997-05-17
Patrick Desbrow,489-609-0936,pdesbrowlg@kickstarter.com,1952-04-10
Paco Probert,846-322-3237,pprobertlh@walmart.com,2005-06-14
Cordelia Reames,116-523-6829,creamesli@auda.org.au,1988-02-15
Shermy Corsan,196-993-8175,scorsanlj@fda.gov,1995-07-31
Lori Probart,259-618-8465,lprobartlk@spiegel.de,2000-02-25
Eb Prince,464-506-4696,eprincell@twitter.com,1965-07-02
Kit Connop,316-528-6755,kconnoplm@360.cn,1964-09-01
Mic McAughtry,651-556-4520,mmcaughtryln@reuters.com,2007-03-31
Julie Rojahn,391-490-3492,jrojahnlo@mac.com,2017-10-31
Zilvia MacNamara,369-886-2964,zmacnamaralp@1und1.de,2012-10-10
Alvina Mackiewicz,672-719-6215,amackiewiczlq@paginegialle.it,2022-04-04
Kellia Searl,632-609-1465,ksearllr@ask.com,1974-10-30
Dix McFadin,299-938-1247,dmcfadinls@un.org,2021-09-29
Adria Gledstane,804-154-2322,agledstanelt@facebook.com,1961-07-19
Korney Pyle,830-153-8927,kpylelu@google.ca,1970-07-04
Jamima Gotobed,221-769-3625,jgotobedlv@seesaa.net,2023-11-10
Sheila Colliford,660-477-0201,scollifordlw@gmpg.org,1974-05-15
Farica Conybear,635-993-4581,fconybearlx@unesco.org,1955-10-23
Chrissie Melvin,462-182-1873,cmelvinly@samsung.com,1980-04-06
Dael Lawdham,992-664-3330,dlawdhamlz@sun.com,1997-06-13
Skipton Mattis,117-478-7661,smattism0@mail.ru,2000-12-13
Olly Furmston,789-313-8171,ofurmstonm1@bravesites.com,2020-02-23
Adda Buckle,360-178-2069,abucklem2@weebly.com,1985-05-15
Jacinthe Sandcroft,627-729-0083,jsandcroftm3@amazon.com,2001-12-07
Jacky Hounsome,236-736-4388,jhounsomem4@loc.gov,2003-11-24
L;urette Uglow,991-435-1543,luglowm5@alibaba.com,1957-09-18
Margareta Aitken,374-584-7403,maitkenm6@tinypic.com,1976-03-24
Germaine Skade,437-432-9095,gskadem7@woothemes.com,1979-06-26
Morna Uman,413-660-3755,mumanm8@army.mil,2004-06-18
Feodora Llop,915-720-6374,fllopm9@ihg.com,2023-02-12
Robina Burchett,685-107-7166,rburchettma@163.com,1997-08-23
Katerine Dowling,890-957-7317,kdowlingmb@i2i.jp,2007-05-27
Kiri Ewer,482-731-9002,kewermc@nih.gov,2006-12-20
Bryan Merryman,694-691-2706,bmerrymanmd@rambler.ru,2019-08-22
Bekki Larimer,280-799-3943,blarimerme@stanford.edu,1961-05-31
Barbara-anne Habbon,472-358-1293,bhabbonmf@vistaprint.com,1977-03-11
Bartolomeo Barenski,758-951-6905,bbarenskimg@pagesperso-orange.fr,2012-02-12
Isidore Beavington,510-773-7791,ibeavingtonmh@va.gov,2024-06-19
Tansy Davidovics,877-917-3922,tdavidovicsmi@harvard.edu,1982-07-04
Halley Haselgrove,911-813-1036,hhaselgrovemj@myspace.com,1972-04-29
Crystie Gilley,352-210-9195,cgilleymk@woothemes.com,2003-09-16
Ros Howden,325-809-4722,rhowdenml@vimeo.com,2008-04-19
Ray Carrett,467-715-0270,rcarrettmm@indiegogo.com,1964-06-16
Estrella Postance,831-282-1233,epostancemn@arizona.edu,1996-01-13
Joella Inman,454-816-5752,jinmanmo@jugem.jp,1956-05-02
Laurel Willatt,863-435-0241,lwillattmp@networkadvertising.org,2022-10-27
Corabelle Roggieri,579-754-7817,croggierimq@acquirethisname.com,1980-06-20
Wynny Felipe,508-771-9497,wfelipemr@cdbaby.com,1985-11-30
Raina Crix,351-672-6398,rcrixms@mozilla.org,1998-08-27
Agnella Dwerryhouse,977-693-1626,adwerryhousemt@symantec.com,1981-01-14
Ailene Gobel,265-269-4185,agobelmu@shop-pro.jp,2001-03-26
Dre Binne,409-505-7197,dbinnemv@cnet.com,1972-04-27
Dosi Stribling,515-515-1932,dstriblingmw@cloudflare.com,2017-01-04
Gerhardine Blaine,494-629-7568,gblainemx@sakura.ne.jp,1971-12-12
Xena Realy,453-486-8247,xrealymy@patch.com,1966-02-28
Gare Heinig,864-350-8326,gheinigmz@cdc.gov,2024-04-21
Gayel Tatersale,209-585-4690,gtatersalen0@soup.io,1967-10-06
Marleen Siebart,221-663-3071,msiebartn1@ucla.edu,1964-07-12
Audra Foister,505-786-0100,afoistern2@wiley.com,1978-12-03
Shela Kynston,929-990-1788,skynstonn3@nytimes.com,1999-06-02
Stefania Colaco,464-748-3023,scolacon4@usa.gov,2012-06-03
Perri Roback,490-487-3306,probackn5@unicef.org,1954-09-15
Alla Petracco,921-963-1785,apetraccon6@fc2.com,2012-11-03
Loleta Ianson,802-517-7821,liansonn7@yolasite.com,2009-07-15
Ashli Goldsberry,907-277-5044,agoldsberryn8@kickstarter.com,1991-09-26
Ignacius Hamblen,678-668-6267,ihamblenn9@usda.gov,2024-01-18
Thorsten Colyer,318-423-7584,tcolyerna@linkedin.com,1972-10-08
Constantino Mangeot,918-318-6515,cmangeotnb@bloomberg.com,1975-03-06
Lisbeth Hebbard,699-387-0979,lhebbardnc@naver.com,1992-08-27
Keane Maasz,565-609-7921,kmaasznd@xing.com,1974-07-20
Kip Ruben,709-451-5191,krubenne@plala.or.jp,1981-05-16
Claude Sleight,646-735-0328,csleightnf@quantcast.com,1995-07-18
Clayborn Sealand,765-715-4942,csealandng@networkadvertising.org,1981-12-27
Janean Jerke,322-718-0955,jjerkenh@artisteer.com,2012-08-14
Renie Steed,326-253-4015,rsteedni@upenn.edu,1992-10-05
Wyatt Haeslier,711-915-3047,whaesliernj@163.com,2022-05-25
Rossie Tunstall,634-959-5106,rtunstallnk@yahoo.com,1987-12-04
Lianne Rentoul,272-450-7749,lrentoulnl@gmpg.org,1965-01-26
Townsend Beedham,864-759-2646,tbeedhamnm@feedburner.com,2018-10-23
Osborne De Giorgi,722-379-4150,odenn@telegraph.co.uk,1950-07-02
Annabela Mallard,792-701-1572,amallardno@multiply.com,1964-03-04
Forster Hellin,558-732-7659,fhellinnp@psu.edu,2016-03-03
Daloris Marrington,509-658-5757,dmarringtonnq@histats.com,1983-08-09
Josephine Elwell,433-363-4862,jelwellnr@ed.gov,2003-12-12
Brooke McBeath,470-877-8695,bmcbeathns@chronoengine.com,2011-02-17
Reggis Dankersley,828-575-3977,rdankersleynt@mozilla.com,1960-04-04
Sophi Hendonson,725-391-7794,shendonsonnu@free.fr,2017-04-26
Kurtis Scyone,109-170-2782,kscyonenv@cbslocal.com,2008-03-04
Gradeigh Georgelin,813-614-7532,ggeorgelinnw@ning.com,2009-09-28
Darci Shulver,406-745-3348,dshulvernx@japanpost.jp,1981-07-31
Augie Cherryman,278-651-3449,acherrymanny@instagram.com,1980-05-06
Doug Maryan,721-230-2490,dmaryannz@blogs.com,1983-05-16
Nathaniel O'Hern,735-509-0949,noherno0@alibaba.com,2012-07-25
Aigneis McGeouch,881-536-1764,amcgeoucho1@about.com,2004-04-12
Chic Bernli,247-996-2162,cbernlio2@discovery.com,1999-02-17
Findley Heustace,368-374-1037,fheustaceo3@yolasite.com,2001-03-28
Kellen Steptow,374-500-4576,ksteptowo4@yellowpages.com,2013-05-01
Del St. John,260-460-3262,dsto5@ask.com,2018-02-19
Nyssa Girardetti,553-133-7615,ngirardettio6@auda.org.au,1976-01-19
Dollie Shillom,156-802-2987,dshillomo7@usgs.gov,1994-06-08
Dallon McGarva,123-603-5469,dmcgarvao8@google.ru,2003-07-12
Brooks Cuer,765-599-4593,bcuero9@desdev.cn,1962-05-18
Arlan Henrych,747-373-3385,ahenrychoa@surveymonkey.com,1968-08-05
Frasco Skoggins,679-399-2291,fskogginsob@blog.com,1953-11-24
Lynn Treadger,103-363-3154,ltreadgeroc@mapquest.com,1977-09-19
Normie Wagen,370-617-0028,nwagenod@livejournal.com,2011-01-15
Karmen Hallatt,616-416-8194,khallattoe@mlb.com,1960-03-10
Emerson McOnie,777-246-1020,emconieof@dot.gov,2007-02-27
Gareth Menichino,800-349-1817,gmenichinoog@quantcast.com,2024-06-23
Risa Calyton,373-953-1813,rcalytonoh@mapy.cz,2003-06-22
Rochelle Wixon,862-158-0606,rwixonoi@msu.edu,1987-05-29
Halli Lamming,233-760-6649,hlammingoj@photobucket.com,1964-04-16
Novelia Mendez,506-744-8994,nmendezok@gov.uk,2013-03-02
Cissiee Merrin,410-429-8017,cmerrinol@slate.com,1957-02-27
Gale Agate,285-342-1178,gagateom@addthis.com,1966-10-24
Krista Loney,763-368-4077,kloneyon@nymag.com,1969-11-02
Grannie Baythrop,316-837-4475,gbaythropoo@purevolume.com,1980-01-01
Datha Krolman,394-497-5278,dkrolmanop@miibeian.gov.cn,1968-03-24
Caria Glendza,371-635-0371,cglendzaoq@berkeley.edu,2024-06-08
Gennifer Petteford,841-682-7266,gpettefordor@creativecommons.org,1999-01-18
Libbie Kleinmintz,210-972-7033,lkleinmintzos@hibu.com,1958-07-25
Corrianne Shacklady,419-390-1185,cshackladyot@deliciousdays.com,2011-11-09
Quincey Chesley,376-666-0062,qchesleyou@hexun.com,1955-11-15
Lorelei Coneron,181-143-9329,lconeronov@ovh.net,1961-10-21
Melicent Saull,166-861-1033,msaullow@msu.edu,1978-09-08
Faustina Brudenell,708-595-4520,fbrudenellox@topsy.com,1957-06-20
Peg Colborn,944-497-8023,pcolbornoy@yellowbook.com,1970-01-03
Brander Celez,563-428-7623,bcelezoz@indiatimes.com,2011-12-30
Audrey Cowlas,926-513-4851,acowlasp0@virginia.edu,2024-08-20
Dennie Abbys,280-552-2054,dabbysp1@epa.gov,2018-08-14
Oneida Scupham,769-415-5203,oscuphamp2@simplemachines.org,2007-02-03
Rahel Washington,913-778-6835,rwashingtonp3@typepad.com,2016-08-24
Shell MacInnes,670-967-1872,smacinnesp4@smugmug.com,1961-02-11
Mackenzie Bearn,764-208-1109,mbearnp5@businessweek.com,1961-02-27
Miles Gimbart,817-482-9784,mgimbartp6@about.me,2022-11-12
Darlleen Wife,578-768-6663,dwifep7@army.mil,2002-01-19
Audry Truss,741-507-2585,atrussp8@linkedin.com,2008-11-25
Kirby Menichino,607-836-5733,kmenichinop9@nasa.gov,2012-12-19
Simmonds Cockren,317-168-0202,scockrenpa@canalblog.com,2011-05-03
Hayden MacLaverty,745-230-8161,hmaclavertypb@dot.gov,1997-06-02
Inga Magarrell,700-743-6299,imagarrellpc@stanford.edu,1991-02-09
Marlee Inkpin,355-823-8676,minkpinpd@zimbio.com,1996-01-15
Liesa Poxson,333-490-7551,lpoxsonpe@myspace.com,2019-08-16
Barris Teas,364-410-3155,bteaspf@bloglovin.com,1953-07-30
Zollie Train,318-734-1638,ztrainpg@marketwatch.com,2013-02-21
Bennie Heeley,253-666-8329,bheeleyph@drupal.org,2009-02-07
Doy Sheryne,304-341-7733,dsherynepi@wired.com,1955-04-27
Brant Wainscoat,489-223-2068,bwainscoatpj@adobe.com,2023-06-10
Caspar Castagnaro,846-244-7460,ccastagnaropk@storify.com,1989-09-05
Pearline L'Episcopio,143-804-2080,plepiscopiopl@imgur.com,1975-08-13
Monte Halifax,834-166-8041,mhalifaxpm@unc.edu,1994-05-01
Tedda McSpirron,423-722-8451,tmcspirronpn@chicagotribune.com,2012-12-12
Gustav Wigley,108-367-7517,gwigleypo@chron.com,1971-06-13
Jerri Brusby,642-730-8849,jbrusbypp@wikimedia.org,1980-11-23
Giacobo Grigorescu,402-635-1092,ggrigorescupq@irs.gov,1996-06-20
Chauncey Kibard,428-402-0521,ckibardpr@ifeng.com,1970-04-04
Roselia Crassweller,298-958-1017,rcrasswellerps@timesonline.co.uk,1960-12-04
Sindee Paulisch,928-318-2731,spaulischpt@cpanel.net,1979-03-18
Eldridge Somerset,121-881-5949,esomersetpu@myspace.com,1998-02-12
Cortney Gradon,614-495-2081,cgradonpv@engadget.com,1982-06-30
Joshua Godsal,912-387-2649,jgodsalpw@fastcompany.com,1990-06-06
Liana McGrorty,288-307-8265,lmcgrortypx@bizjournals.com,1984-05-24
Enoch Peet,394-728-4161,epeetpy@g.co,1957-09-18
Clemmie Creak,548-836-7983,ccreakpz@theguardian.com,1995-09-29
Olive Grossier,388-610-5754,ogrossierq0@tripadvisor.com,2019-06-09
Ervin Mewe,794-648-3620,emeweq1@bigcartel.com,2012-12-26
Crystal Ellicombe,749-374-9569,cellicombeq2@google.es,2020-11-03
Caresse Sterte,120-730-9540,csterteq3@archive.org,1986-11-26
Cherise Tipling,434-639-8065,ctiplingq4@instagram.com,1984-11-15
Wynn Robjohns,352-563-5158,wrobjohnsq5@yolasite.com,1957-06-07
Marne Peters,179-614-6545,mpetersq6@pagesperso-orange.fr,2003-01-12
Jameson Bubbings,705-523-3644,jbubbingsq7@oaic.gov.au,1983-02-20
Hatti Iseton,201-959-2671,hisetonq8@dell.com,2017-01-14
Rowena Gentery,439-641-2382,rgenteryq9@wufoo.com,1955-03-11
Rosamond Buscombe,602-845-8975,rbuscombeqa@ow.ly,2013-08-29
Herold Clemente,383-903-9191,hclementeqb@tamu.edu,1960-02-01
Kirby Jackes,636-536-9828,kjackesqc@usatoday.com,1973-01-03
Renault Gudde,221-695-1832,rguddeqd@stanford.edu,2005-08-19
Marje Leven,148-563-7755,mlevenqe@ameblo.jp,1957-12-22
Ring Bernardi,759-786-2189,rbernardiqf@opera.com,1972-08-20
Finley Muccino,804-110-1312,fmuccinoqg@delicious.com,2022-01-02
Nappy Mohring,689-476-2510,nmohringqh@amazon.de,1991-07-17
Gabriell Greening,488-177-4984,ggreeningqi@hostgator.com,2014-10-29
Moss Hebson,176-477-0064,mhebsonqj@ameblo.jp,1960-03-31
Dylan Stealfox,240-704-4079,dstealfoxqk@washingtonpost.com,1982-04-07
Lila Moreman,446-559-9003,lmoremanql@adobe.com,2018-09-30
Yancey Saltsberger,646-843-5952,ysaltsbergerqm@eventbrite.com,1977-03-01
Lyndsie Haggerwood,315-866-4426,lhaggerwoodqn@sogou.com,2018-06-03
Hubert Hooke,234-298-2419,hhookeqo@nymag.com,1979-05-13
Sully Somerville,513-759-5323,ssomervilleqp@moonfruit.com,1968-03-29
Buddie MacNeachtain,723-321-9369,bmacneachtainqq@webnode.com,1951-01-26
Charin Lisciardelli,488-953-0822,clisciardelliqr@slideshare.net,1974-03-29
Marve Ratter,981-438-8466,mratterqs@eepurl.com,1977-05-19
Fae Mottinelli,229-523-9194,fmottinelliqt@ebay.com,1996-06-18
Umeko Riche,664-762-6323,urichequ@google.co.jp,1987-05-12
Inigo Mycroft,351-422-9944,imycroftqv@unesco.org,1990-02-21
Lyndsey Blundel,756-395-9677,lblundelqw@printfriendly.com,1993-08-24
Jessie Kernock,632-145-7612,jkernockqx@skype.com,1984-09-16
Chickie Hrycek,501-804-5281,chrycekqy@cbsnews.com,1987-12-22
Ronnie Jilliss,443-207-2948,rjillissqz@pen.io,1978-02-07
Clerkclaude Friel,675-692-3766,cfrielr0@free.fr,1980-12-09
Nanine Putton,684-945-7421,nputtonr1@upenn.edu,2009-01-31
Granger Blinerman,787-446-0434,gblinermanr2@hp.com,1990-09-10
Marga Uzzell,262-523-2392,muzzellr3@psu.edu,2017-07-13
Gilly Joslow,313-514-7947,gjoslowr4@webnode.com,1960-09-03
Carmelita Betjeman,377-812-1639,cbetjemanr5@ox.ac.uk,1953-01-24
Verine Syplus,654-863-0458,vsyplusr6@skyrock.com,1956-10-14
Kerr Whipple,180-887-0004,kwhippler7@ucoz.com,1995-04-04
Sarajane Legon,405-320-2750,slegonr8@cnet.com,1954-12-19
Annadiane Behr,605-941-8989,abehrr9@free.fr,1991-12-18
Peta Van Vuuren,749-598-3097,pvanra@ucoz.com,1953-12-09
Finlay Stuckley,803-310-9867,fstuckleyrb@apple.com,1983-09-05
Ignaz Kirkhouse,270-294-5315,ikirkhouserc@vinaora.com,1957-03-24
Duffy Blanc,418-214-9315,dblancrd@mlb.com,1965-10-06
Franni Leythley,485-779-8176,fleythleyre@google.nl,1975-11-10
Chiquia Mellanby,618-280-0319,cmellanbyrf@google.de,1995-01-16
Sherye Maffioletti,177-445-5904,smaffiolettirg@hexun.com,2013-03-01
Arabella Longhorn,580-307-5990,alonghornrh@eventbrite.com,2011-05-26
Ruby Hawkeswood,445-138-4351,rhawkeswoodri@washington.edu,2021-12-05
Idelle Fritz,867-430-0885,ifritzrj@disqus.com,1973-03-03
Raquela Grahlman,497-129-6797,rgrahlmanrk@ucoz.ru,1971-09-06
Darrell Furney,666-144-7045,dfurneyrl@networksolutions.com,2017-07-15
Devina Dreier,844-419-0303,ddreierrm@twitter.com,1966-08-04
De witt Brewers,871-235-0682,dwittrn@tamu.edu,2011-09-04
Nonie Tiuit,271-738-5369,ntiuitro@phoca.cz,1999-03-16
Katleen Sommersett,433-975-1341,ksommersettrp@narod.ru,1983-04-30
Wilek Padefield,533-447-1567,wpadefieldrq@rambler.ru,2012-02-18
Merill Laurenzi,910-221-9090,mlaurenzirr@dropbox.com,1976-08-18
